[{"activity":"green eggs and ham","availability":0.8,"type":"education","participants":1,"price":0,"accessibility":"Few to no challenges","duration":"hours","link":"https://graphql.org/","key":"2167064"},{"activity":"asdzcvzxcv","availability":0.1,"type":"relaxation","participants":1,"price":0.15,"accessibility":"'Minor challenges","duration":"minutes","link":"","key":"2581372"},{"activity":"Learn how to french braid hair","availability":0.1,"type":"education","participants":1,"price":0,"accessibility":"Few to no challenges","duration":"minutes","kidFriendly":true,"link":"","key":"8926492"},{"activity":"asdj;flz","availability":0.1,"type":"relaxation","participants":1,"price":0,"accessibility":"Few to no challenges","duration":"minutes","link":"","key":"8832605"},{"activity":"Invite some friends over for a game night","availability":0.2,"type":"social","participants":4,"price":0,"accessibility":"Few to no challenges","duration":"hours","kidFriendly":true,"link":"","key":"6613428"},{"activity":"Play a volleyball match with some friends","availability":0.3,"type":"social","participants":4,"price":0,"accessibility":"Major challenges","duration":"minutes","kidFriendly":true,"link":"","key":"4306710"},{"activity":"Go for a run","availability":0.9,"type":"recreational","participants":1,"price":0,"accessibility":"Major challenges","duration":"minutes","kidFriendly":true,"link":"","key":"6852505"},{"activity":"Look at your finances and find one way to save money","availability":1,"type":"busywork","participants":1,"price":0,"accessibility":"Few to no challenges","duration":"minutes","kidFriendly":false,"link":"","key":"5977626"}]